Period_Start	Unique_Users	Unique_News
2017-01-01 08:00:02	3126	96
2017-01-01 08:30:02	4203	148
2017-01-01 09:00:02	2876	128
2017-01-01 09:30:02	2133	103
2017-01-01 10:00:02	1406	89
2017-01-01 10:30:02	988	72
2017-01-01 11:00:02	639	55
2017-01-01 11:30:02	441	56
2017-01-01 12:00:02	290	59
2017-01-01 12:30:02	226	47
2017-01-01 13:00:02	172	30
2017-01-01 13:30:02	166	32
2017-01-01 14:00:02	243	34
2017-01-01 14:30:02	355	38
2017-01-01 15:00:02	454	54
2017-01-01 15:30:02	574	52
2017-01-01 16:00:02	838	60
2017-01-01 16:30:02	1282	83
2017-01-01 17:00:02	1880	93
2017-01-01 17:30:02	2358	120
2017-01-01 18:00:02	2705	120
2017-01-01 18:30:02	2781	124
2017-01-01 19:00:02	2589	124
2017-01-01 19:30:02	2510	131
2017-01-01 20:00:02	2031	120
2017-01-01 20:30:02	2772	122
2017-01-01 21:00:02	2050	151
2017-01-01 21:30:02	1801	116
2017-01-01 22:00:02	1690	149
2017-01-01 22:30:02	1636	124
2017-01-01 23:00:02	1559	147
2017-01-01 23:30:02	2243	136
2017-01-02 00:00:02	3728	126
2017-01-02 00:30:02	4252	127
2017-01-02 01:00:02	3775	134
2017-01-02 01:30:02	3039	133
2017-01-02 02:00:02	2991	130
2017-01-02 02:30:02	2641	134
2017-01-02 03:00:02	2389	146
2017-01-02 03:30:02	2773	141
2017-01-02 04:00:02	2790	177
2017-01-02 04:30:02	2325	165
2017-01-02 05:00:02	3445	153
2017-01-02 05:30:02	3626	167
2017-01-02 06:00:02	3570	145
2017-01-02 06:30:02	4955	111
2017-01-02 07:00:02	2896	118
2017-01-02 07:30:02	1765	97
2017-01-02 08:00:02	1300	120
2017-01-02 08:30:02	816	107
2017-01-02 09:00:02	527	86
2017-01-02 09:30:02	364	80
2017-01-02 10:00:02	262	61
2017-01-02 10:30:02	200	71
2017-01-02 11:00:02	157	59
2017-01-02 11:30:02	152	60
2017-01-02 12:00:02	142	49
2017-01-02 12:30:02	192	65
2017-01-02 13:00:02	239	54
2017-01-02 13:30:02	502	76
2017-01-02 14:00:02	938	104
2017-01-02 14:30:02	1095	97
2017-01-02 15:00:02	1067	103
2017-01-02 15:30:02	923	108
2017-01-02 16:00:02	1154	116
2017-01-02 16:30:02	1033	119
2017-01-02 17:00:02	1213	121
2017-01-02 17:30:02	978	129
2017-01-02 18:00:02	834	115
2017-01-02 18:30:02	685	105
2017-01-02 19:00:02	708	111
2017-01-02 19:30:02	977	110
2017-01-02 20:00:02	1245	106
2017-01-02 20:30:02	1099	99
2017-01-02 21:00:02	1287	114
2017-01-02 21:30:02	1581	118
2017-01-02 22:00:02	1434	101
2017-01-02 22:30:02	1561	110
2017-01-02 23:00:02	1926	121
2017-01-02 23:30:02	2259	157
2017-01-03 00:00:02	3143	121
2017-01-03 00:30:02	3746	149
2017-01-03 01:00:02	3805	128
2017-01-03 01:30:02	3697	143
2017-01-03 02:00:02	3766	168
2017-01-03 02:30:02	3225	155
2017-01-03 03:00:02	2971	145
2017-01-03 03:30:02	2612	126
2017-01-03 04:00:02	2454	140
2017-01-03 04:30:02	2686	167
2017-01-03 05:00:02	2925	156
2017-01-03 05:30:02	3649	140
2017-01-03 06:00:02	3259	146
2017-01-03 06:30:02	3973	169
2017-01-03 07:00:02	3044	151
2017-01-03 07:30:02	2180	147
2017-01-03 08:00:02	1427	139
2017-01-03 08:30:02	880	107
2017-01-03 09:00:02	607	89
2017-01-03 09:30:02	398	80
2017-01-03 10:00:02	284	77
2017-01-03 10:30:02	214	61
2017-01-03 11:00:02	199	56
2017-01-03 11:30:02	174	55
2017-01-03 12:00:02	172	51
2017-01-03 12:30:02	189	56
2017-01-03 13:00:02	300	54
2017-01-03 13:30:02	573	65
2017-01-03 14:00:02	1041	87
2017-01-03 14:30:02	1292	121
2017-01-03 15:00:02	1382	119
2017-01-03 15:30:02	1251	119
2017-01-03 16:00:02	1166	117
2017-01-03 16:30:02	1116	123
2017-01-03 17:00:02	1035	121
2017-01-03 17:30:02	1104	154
2017-01-03 18:00:02	1265	142
2017-01-03 18:30:02	1312	126
2017-01-03 19:00:02	1061	102
2017-01-03 19:30:02	1048	130
2017-01-03 20:00:02	1029	116
2017-01-03 20:30:02	911	106
2017-01-03 21:00:02	1203	123
2017-01-03 21:30:02	1267	124
2017-01-03 22:00:02	1163	147
2017-01-03 22:30:02	996	101
2017-01-03 23:00:02	1659	109
2017-01-03 23:30:02	2147	116
2017-01-04 00:00:02	2597	106
2017-01-04 00:30:02	2648	124
2017-01-04 01:00:02	2254	135
2017-01-04 01:30:02	2766	131
2017-01-04 02:00:02	2615	131
2017-01-04 02:30:02	2209	122
2017-01-04 03:00:02	1827	115
2017-01-04 03:30:02	1850	110
2017-01-04 04:00:02	1833	115
2017-01-04 04:30:02	1902	131
2017-01-04 05:00:02	2308	127
2017-01-04 05:30:02	2877	127
2017-01-04 06:00:02	2844	132
2017-01-04 06:30:02	2879	156
2017-01-04 07:00:02	2330	129
2017-01-04 07:30:02	1663	128
2017-01-04 08:00:02	1096	119
2017-01-04 08:30:02	721	112
2017-01-04 09:00:02	455	68
2017-01-04 09:30:02	323	79
2017-01-04 10:00:02	230	59
2017-01-04 10:30:02	188	50
2017-01-04 11:00:02	146	53
2017-01-04 11:30:02	130	48
2017-01-04 12:00:02	132	40
2017-01-04 12:30:02	178	61
2017-01-04 13:00:02	261	58
2017-01-04 13:30:02	476	67
2017-01-04 14:00:02	829	81
2017-01-04 14:30:02	1027	97
2017-01-04 15:00:02	1137	101
2017-01-04 15:30:02	1594	111
2017-01-04 16:00:02	1734	108
2017-01-04 16:30:02	1626	126
2017-01-04 17:00:02	2058	117
2017-01-04 17:30:02	2167	114
2017-01-04 18:00:02	1977	121
2017-01-04 18:30:02	1655	133
2017-01-04 19:00:02	1486	120
2017-01-04 19:30:02	1246	111
2017-01-04 20:00:02	1284	104
2017-01-04 20:30:02	1296	121
2017-01-04 21:00:02	2620	97
2017-01-04 21:30:02	2536	104
2017-01-04 22:00:02	2096	114
2017-01-04 22:30:02	2081	116
2017-01-04 23:00:02	1651	107
2017-01-04 23:30:02	1780	122
2017-01-05 00:00:02	2159	139
2017-01-05 00:30:02	2350	139
2017-01-05 01:00:02	2385	154
2017-01-05 01:30:02	2410	177
2017-01-05 02:00:02	2551	163
2017-01-05 02:30:02	2556	145
2017-01-05 03:00:02	2719	167
2017-01-05 03:30:02	2465	134
2017-01-05 04:00:02	2180	130
2017-01-05 04:30:02	2150	138
2017-01-05 05:00:02	2868	164
2017-01-05 05:30:02	3342	166
2017-01-05 06:00:02	3214	144
2017-01-05 06:30:02	3333	175
2017-01-05 07:00:02	2760	165
2017-01-05 07:30:02	1979	147
2017-01-05 08:00:02	1388	138
2017-01-05 08:30:02	842	108
2017-01-05 09:00:02	488	96
2017-01-05 09:30:02	340	83
2017-01-05 10:00:02	234	72
2017-01-05 10:30:02	194	60
2017-01-05 11:00:02	155	55
2017-01-05 11:30:02	163	52
2017-01-05 12:00:02	135	47
2017-01-05 12:30:02	186	52
2017-01-05 13:00:02	281	60
2017-01-05 13:30:02	554	80
2017-01-05 14:00:02	963	96
2017-01-05 14:30:02	1301	106
2017-01-05 15:00:02	1466	123
2017-01-05 15:30:02	1274	127
2017-01-05 16:00:02	1170	144
2017-01-05 16:30:02	1174	143
2017-01-05 17:00:02	1222	126
2017-01-05 17:30:02	1155	145
2017-01-05 18:00:02	1127	133
2017-01-05 18:30:02	994	143
2017-01-05 19:00:02	877	121
2017-01-05 19:30:02	933	121
2017-01-05 20:00:02	1097	102
2017-01-05 20:30:02	1090	113
2017-01-05 21:00:02	1417	124
2017-01-05 21:30:02	1551	124
2017-01-05 22:00:02	1664	126
2017-01-05 22:30:02	1943	136
2017-01-05 23:00:02	1835	117
2017-01-05 23:30:02	1937	151
2017-01-06 00:00:02	2198	146
2017-01-06 00:30:02	2080	149
2017-01-06 01:00:02	2188	156
2017-01-06 01:30:02	1924	139
2017-01-06 02:00:02	2264	175
2017-01-06 02:30:02	2760	158
2017-01-06 03:00:02	2537	138
2017-01-06 03:30:02	2529	150
2017-01-06 04:00:02	2493	163
2017-01-06 04:30:02	2869	170
2017-01-06 05:00:02	2938	190
2017-01-06 05:30:02	2894	189
2017-01-06 06:00:02	2609	196
2017-01-06 06:30:02	2733	181
2017-01-06 07:00:02	2804	167
2017-01-06 07:30:02	2108	156
2017-01-06 08:00:02	1305	139
2017-01-06 08:30:02	799	111
2017-01-06 09:00:02	524	91
2017-01-06 09:30:02	336	79
2017-01-06 10:00:02	224	79
2017-01-06 10:30:02	172	63
2017-01-06 11:00:02	148	52
2017-01-06 11:30:02	130	46
2017-01-06 12:00:02	157	72
2017-01-06 12:30:02	168	70
2017-01-06 13:00:02	225	61
2017-01-06 13:30:02	501	66
2017-01-06 14:00:02	895	92
2017-01-06 14:30:02	1330	118
2017-01-06 15:00:02	1633	119
2017-01-06 15:30:02	1611	132
2017-01-06 16:00:02	1665	133
2017-01-06 16:30:02	1806	147
2017-01-06 17:00:02	1730	142
2017-01-06 17:30:02	1572	144
2017-01-06 18:00:02	1550	149
2017-01-06 18:30:02	1209	135
2017-01-06 19:00:02	917	125
2017-01-06 19:30:02	1008	125
2017-01-06 20:00:02	824	108
2017-01-06 20:30:02	827	129
2017-01-06 21:00:02	653	109
2017-01-06 21:30:02	661	108
2017-01-06 22:00:02	762	122
2017-01-06 22:30:02	1117	133
2017-01-06 23:00:02	1196	116
2017-01-06 23:30:02	1190	137
2017-01-07 00:00:02	1183	136
2017-01-07 00:30:02	1122	139
2017-01-07 01:00:02	950	138
2017-01-07 01:30:02	1085	147
2017-01-07 02:00:02	1162	144
2017-01-07 02:30:02	951	135
2017-01-07 03:00:02	1112	127
2017-01-07 03:30:02	883	118
2017-01-07 04:00:02	970	148
2017-01-07 04:30:02	1257	133
2017-01-07 05:00:02	1148	140
2017-01-07 05:30:02	1104	150
2017-01-07 06:00:02	858	122
2017-01-07 06:30:02	698	137
2017-01-07 07:00:02	699	128
2017-01-07 07:30:02	596	143
2017-01-07 08:00:02	1072	115
2017-01-07 08:30:02	743	95
2017-01-07 09:00:02	619	82
2017-01-07 09:30:02	438	78
2017-01-07 10:00:02	269	61
2017-01-07 10:30:02	170	63
2017-01-07 11:00:02	133	44
2017-01-07 11:30:02	118	37
2017-01-07 12:00:02	91	57
2017-01-07 12:30:02	86	42
2017-01-07 13:00:02	119	42
2017-01-07 13:30:02	157	46
2017-01-07 14:00:02	157	48
2017-01-07 14:30:02	269	55
2017-01-07 15:00:02	390	74
2017-01-07 15:30:02	755	96
2017-01-07 16:00:02	1112	116
2017-01-07 16:30:02	1456	121
2017-01-07 17:00:02	1520	135
2017-01-07 17:30:02	1658	154
2017-01-07 18:00:02	1371	138
2017-01-07 18:30:02	1374	152
2017-01-07 19:00:02	1489	134
2017-01-07 19:30:02	1784	121
2017-01-07 20:00:02	1713	129
2017-01-07 20:30:02	1639	113
2017-01-07 21:00:02	1680	120
2017-01-07 21:30:02	1501	106
2017-01-07 22:00:02	1769	121
2017-01-07 22:30:02	1217	104
2017-01-07 23:00:02	1549	115
2017-01-07 23:30:02	2174	103
2017-01-08 00:00:02	1852	103
2017-01-08 00:30:02	1916	124
2017-01-08 01:00:02	2041	112
2017-01-08 01:30:02	1981	113
2017-01-08 02:00:02	1833	122
2017-01-08 02:30:02	1476	114
2017-01-08 03:00:02	1451	111
2017-01-08 03:30:02	1601	118
2017-01-08 04:00:02	1381	114
2017-01-08 04:30:02	1524	130
2017-01-08 05:00:02	1536	109
2017-01-08 05:30:02	2269	108
2017-01-08 06:00:02	2390	123
2017-01-08 06:30:02	1954	107
2017-01-08 07:00:02	1937	117
2017-01-08 07:30:02	1666	123
2017-01-08 08:00:02	1460	133
2017-01-08 08:30:02	1090	105
2017-01-08 09:00:02	735	95
2017-01-08 09:30:02	608	77
2017-01-08 10:00:02	420	82
2017-01-08 10:30:02	257	59
2017-01-08 11:00:02	213	58
2017-01-08 11:30:02	140	49
2017-01-08 12:00:02	125	55
2017-01-08 12:30:02	117	48
2017-01-08 13:00:02	97	46
2017-01-08 13:30:02	145	45
2017-01-08 14:00:02	176	58
2017-01-08 14:30:02	246	53
2017-01-08 15:00:02	413	76
2017-01-08 15:30:02	602	81
2017-01-08 16:00:02	837	97
2017-01-08 16:30:02	1121	104
2017-01-08 17:00:02	1611	132
2017-01-08 17:30:02	2353	137
2017-01-08 18:00:02	2454	148
2017-01-08 18:30:02	2285	168
2017-01-08 19:00:02	2135	132
2017-01-08 19:30:02	1429	126
2017-01-08 20:00:02	1531	134
2017-01-08 20:30:02	1423	140
2017-01-08 21:00:02	1654	117
2017-01-08 21:30:02	1833	152
2017-01-08 22:00:02	1867	125
2017-01-08 22:30:02	1819	131
2017-01-08 23:00:02	2388	140
2017-01-08 23:30:02	1476	133
2017-01-09 00:00:02	2279	140
2017-01-09 00:30:02	2185	126
2017-01-09 01:00:02	1907	131
2017-01-09 01:30:02	1833	149
2017-01-09 02:00:02	1559	157
2017-01-09 02:30:02	1155	158
2017-01-09 03:00:02	1059	129
2017-01-09 03:30:02	1064	148
2017-01-09 04:00:02	1060	137
2017-01-09 04:30:02	1026	135
2017-01-09 05:00:02	1499	158
2017-01-09 05:30:02	1211	149
2017-01-09 06:00:02	1235	145
2017-01-09 06:30:02	1261	180
2017-01-09 07:00:02	1106	146
2017-01-09 07:30:02	935	146
2017-01-09 08:00:02	631	114
2017-01-09 08:30:02	406	98
2017-01-09 09:00:02	285	81
2017-01-09 09:30:02	185	92
2017-01-09 10:00:02	133	61
2017-01-09 10:30:02	78	47
2017-01-09 11:00:02	80	42
2017-01-09 11:30:02	71	41
2017-01-09 12:00:02	96	55
2017-01-09 12:30:02	110	52
2017-01-09 13:00:02	160	59
2017-01-09 13:30:02	354	69
2017-01-09 14:00:02	870	83
2017-01-09 14:30:02	1113	122
2017-01-09 15:00:02	1288	118
2017-01-09 15:30:02	1187	104
2017-01-09 16:00:02	1066	124
2017-01-09 16:30:02	975	111
2017-01-09 17:00:02	851	110
2017-01-09 17:30:02	855	122
2017-01-09 18:00:02	1256	128
2017-01-09 18:30:02	854	105
2017-01-09 19:00:02	872	106
2017-01-09 19:30:02	841	119
2017-01-09 20:00:02	728	110
2017-01-09 20:30:02	667	101
2017-01-09 21:00:02	537	120
2017-01-09 21:30:02	527	124
2017-01-09 22:00:02	599	126
2017-01-09 22:30:02	2170	120
2017-01-09 23:00:02	1855	111
2017-01-09 23:30:02	1902	110
2017-01-10 00:00:02	2139	149
2017-01-10 00:30:02	2499	147
2017-01-10 01:00:02	2379	132
2017-01-10 01:30:02	2289	155
2017-01-10 02:00:02	1825	150
2017-01-10 02:30:02	1560	137
2017-01-10 03:00:02	1575	140
2017-01-10 03:30:02	1682	137
2017-01-10 04:00:02	1648	137
2017-01-10 04:30:02	1816	139
2017-01-10 05:00:02	1834	159
2017-01-10 05:30:02	1794	151
2017-01-10 06:00:02	2801	157
2017-01-10 06:30:02	2931	159
2017-01-10 07:00:02	2198	146
2017-01-10 07:30:02	1439	135
2017-01-10 08:00:02	973	117
2017-01-10 08:30:02	583	90
2017-01-10 09:00:02	336	76
2017-01-10 09:30:02	237	65
2017-01-10 10:00:02	163	66
2017-01-10 10:30:02	129	54
2017-01-10 11:00:02	115	43
2017-01-10 11:30:02	90	36
2017-01-10 12:00:02	109	44
2017-01-10 12:30:02	159	44
2017-01-10 13:00:02	228	63
2017-01-10 13:30:02	487	66
2017-01-10 14:00:02	856	99
2017-01-10 14:30:02	1169	96
2017-01-10 15:00:02	1437	113
2017-01-10 15:30:02	1272	118
2017-01-10 16:00:02	1408	120
2017-01-10 16:30:02	1559	120
2017-01-10 17:00:02	1461	120
2017-01-10 17:30:02	1380	130
2017-01-10 18:00:02	1607	112
2017-01-10 18:30:02	1524	130
2017-01-10 19:00:02	1703	100
2017-01-10 19:30:02	1413	120
2017-01-10 20:00:02	1276	108
2017-01-10 20:30:02	2398	117
2017-01-10 21:00:02	1584	92
2017-01-10 21:30:02	1376	113
2017-01-10 22:00:02	1317	96
2017-01-10 22:30:02	942	99
2017-01-10 23:00:02	927	122
2017-01-10 23:30:02	969	114
2017-01-11 00:00:02	1017	125
2017-01-11 00:30:02	1685	148
2017-01-11 01:00:02	1938	147
2017-01-11 01:30:02	1833	128
2017-01-11 02:00:02	1615	127
2017-01-11 02:30:02	1219	122
2017-01-11 03:00:02	1380	116
2017-01-11 03:30:02	1599	126
2017-01-11 04:00:02	1708	99
2017-01-11 04:30:02	1897	123
2017-01-11 05:00:02	2036	177
2017-01-11 05:30:02	1905	130
2017-01-11 06:00:02	1839	126
2017-01-11 06:30:02	1686	108
2017-01-11 07:00:02	1476	115
2017-01-11 07:30:02	1199	108
2017-01-11 08:00:02	900	107
2017-01-11 08:30:02	565	83
2017-01-11 09:00:02	358	66
2017-01-11 09:30:02	240	59
2017-01-11 10:00:02	202	53
2017-01-11 10:30:02	134	52
2017-01-11 11:00:02	90	37
2017-01-11 11:30:02	101	40
2017-01-11 12:00:02	103	35
2017-01-11 12:30:02	136	51
2017-01-11 13:00:02	207	53
2017-01-11 13:30:02	384	52
2017-01-11 14:00:02	701	75
2017-01-11 14:30:02	1015	89
2017-01-11 15:00:02	1162	94
2017-01-11 15:30:02	1276	99
2017-01-11 16:00:02	1249	111
2017-01-11 16:30:02	1064	108
2017-01-11 17:00:02	1022	115
2017-01-11 17:30:02	957	110
2017-01-11 18:00:02	789	108
2017-01-11 18:30:02	795	110
2017-01-11 19:00:02	826	101
2017-01-11 19:30:02	736	108
2017-01-11 20:00:02	1318	100
2017-01-11 20:30:02	1146	101
2017-01-11 21:00:02	1154	92
2017-01-11 21:30:02	858	98
2017-01-11 22:00:02	952	106
2017-01-11 22:30:02	896	87
2017-01-11 23:00:02	929	99
2017-01-11 23:30:02	926	104
2017-01-12 00:00:02	1295	127
2017-01-12 00:30:02	1351	131
2017-01-12 01:00:02	1411	130
2017-01-12 01:30:02	1520	143
2017-01-12 02:00:02	1346	146
2017-01-12 02:30:02	1118	150
2017-01-12 03:00:02	1012	124
2017-01-12 03:30:02	1511	129
2017-01-12 04:00:02	1682	139
2017-01-12 04:30:02	1561	144
2017-01-12 05:00:02	1610	166
2017-01-12 05:30:02	1664	143
2017-01-12 06:00:02	2382	161
2017-01-12 06:30:02	2569	145
2017-01-12 07:00:02	2179	138
2017-01-12 07:30:02	1581	131
2017-01-12 08:00:02	1070	117
2017-01-12 08:30:02	619	99
2017-01-12 09:00:02	434	88
2017-01-12 09:30:02	230	73
2017-01-12 10:00:02	175	52
2017-01-12 10:30:02	134	47
2017-01-12 11:00:02	109	58
2017-01-12 11:30:02	136	56
2017-01-12 12:00:02	116	48
2017-01-12 12:30:02	152	48
2017-01-12 13:00:02	246	71
2017-01-12 13:30:02	566	78
2017-01-12 14:00:02	911	96
2017-01-12 14:30:02	1249	114
2017-01-12 15:00:02	1407	106
2017-01-12 15:30:02	1274	123
2017-01-12 16:00:02	1408	123
2017-01-12 16:30:02	1303	121
2017-01-12 17:00:02	1203	129
2017-01-12 17:30:02	1000	125
2017-01-12 18:00:02	1178	125
2017-01-12 18:30:02	1288	120
2017-01-12 19:00:02	1225	105
2017-01-12 19:30:02	1195	112
2017-01-12 20:00:02	842	102
2017-01-12 20:30:02	873	90
2017-01-12 21:00:02	907	104
2017-01-12 21:30:02	988	125
2017-01-12 22:00:02	1537	99
2017-01-12 22:30:02	1226	123
2017-01-12 23:00:02	1299	87
2017-01-12 23:30:02	1399	94
2017-01-13 00:00:02	1532	115
2017-01-13 00:30:02	1447	114
2017-01-13 01:00:02	1538	132
2017-01-13 01:30:02	2123	112
2017-01-13 02:00:02	2010	131
2017-01-13 02:30:02	1879	116
2017-01-13 03:00:02	2171	126
2017-01-13 03:30:02	2139	114
2017-01-13 04:00:02	2295	119
2017-01-13 04:30:02	2047	126
2017-01-13 05:00:02	3389	135
2017-01-13 05:30:02	3248	139
2017-01-13 06:00:02	3081	135
2017-01-13 06:30:02	3103	121
2017-01-13 07:00:02	2344	134
2017-01-13 07:30:02	1730	107
2017-01-13 08:00:02	1162	107
2017-01-13 08:30:02	730	96
2017-01-13 09:00:02	448	71
2017-01-13 09:30:02	301	74
2017-01-13 10:00:02	193	60
2017-01-13 10:30:02	160	53
2017-01-13 11:00:02	124	55
2017-01-13 11:30:02	107	41
2017-01-13 12:00:02	106	37
2017-01-13 12:30:02	162	37
2017-01-13 13:00:02	256	54
2017-01-13 13:30:02	490	56
2017-01-13 14:00:02	826	81
2017-01-13 14:30:02	1042	81
2017-01-13 15:00:02	1194	86
2017-01-13 15:30:02	1105	94
2017-01-13 16:00:02	1012	110
2017-01-13 16:30:02	1042	115
2017-01-13 17:00:02	987	145
2017-01-13 17:30:02	1366	108
2017-01-13 18:00:02	1871	127
2017-01-13 18:30:02	1368	134
2017-01-13 19:00:02	1198	116
2017-01-13 19:30:02	1172	110
2017-01-13 20:00:02	1105	106
2017-01-13 20:30:02	812	117
2017-01-13 21:00:02	1171	121
2017-01-13 21:30:02	1141	108
2017-01-13 22:00:02	1088	115
2017-01-13 22:30:02	1002	100
2017-01-13 23:00:02	1032	107
2017-01-13 23:30:02	1351	109
2017-01-14 00:00:02	1449	113
2017-01-14 00:30:02	1703	138
2017-01-14 01:00:02	1993	122
2017-01-14 01:30:02	1814	125
2017-01-14 02:00:02	1403	138
2017-01-14 02:30:02	2337	117
2017-01-14 03:00:02	1997	119
2017-01-14 03:30:02	1474	122
2017-01-14 04:00:02	1280	122
2017-01-14 04:30:02	1253	122
2017-01-14 05:00:02	1266	131
2017-01-14 05:30:02	2023	148
2017-01-14 06:00:02	1821	134
2017-01-14 06:30:02	1982	152
2017-01-14 07:00:02	2024	137
2017-01-14 07:30:02	1610	111
2017-01-14 08:00:02	1264	135
2017-01-14 08:30:02	1075	128
2017-01-14 09:00:02	713	102
2017-01-14 09:30:02	418	94
2017-01-14 10:00:02	316	72
2017-01-14 10:30:02	227	67
2017-01-14 11:00:02	161	48
2017-01-14 11:30:02	145	45
2017-01-14 12:00:02	105	40
2017-01-14 12:30:02	104	46
2017-01-14 13:00:02	120	45
2017-01-14 13:30:02	154	40
2017-01-14 14:00:02	249	48
2017-01-14 14:30:02	329	60
2017-01-14 15:00:02	653	94
2017-01-14 15:30:02	1054	111
2017-01-14 16:00:02	1523	125
2017-01-14 16:30:02	1874	164
2017-01-14 17:00:02	2163	164
2017-01-14 17:30:02	2480	159
2017-01-14 18:00:02	2382	153
2017-01-14 18:30:02	1946	142
2017-01-14 19:00:02	1738	127
2017-01-14 19:30:02	1476	144
2017-01-14 20:00:02	1082	116
2017-01-14 20:30:02	992	112
2017-01-14 21:00:02	968	126
2017-01-14 21:30:02	1079	110
2017-01-14 22:00:02	1015	105
2017-01-14 22:30:02	846	101
2017-01-14 23:00:02	827	113
2017-01-14 23:30:02	924	134
2017-01-15 00:00:02	1028	120
2017-01-15 00:30:02	1005	101
2017-01-15 01:00:02	897	121
2017-01-15 01:30:02	953	100
2017-01-15 02:00:02	937	119
2017-01-15 02:30:02	831	122
2017-01-15 03:00:02	1336	124
2017-01-15 03:30:02	1579	124
2017-01-15 04:00:02	1647	110
2017-01-15 04:30:02	1279	155
2017-01-15 05:00:02	1338	142
2017-01-15 05:30:02	1188	138
2017-01-15 06:00:02	1850	147
2017-01-15 06:30:02	2179	147
2017-01-15 07:00:02	1732	141
2017-01-15 07:30:02	1429	145
2017-01-15 08:00:02	1184	121
2017-01-15 08:30:02	906	113
2017-01-15 09:00:02	785	112
2017-01-15 09:30:02	557	96
2017-01-15 10:00:02	352	77
2017-01-15 10:30:02	209	65
2017-01-15 11:00:02	201	64
2017-01-15 11:30:02	141	60
2017-01-15 12:00:02	124	69
2017-01-15 12:30:02	105	41
2017-01-15 13:00:02	110	45
2017-01-15 13:30:02	159	63
2017-01-15 14:00:02	171	68
2017-01-15 14:30:02	271	77
2017-01-15 15:00:02	487	85
2017-01-15 15:30:02	845	107
2017-01-15 16:00:02	1196	117
2017-01-15 16:30:02	1662	135
2017-01-15 17:00:02	2104	176
2017-01-15 17:30:02	2351	165
2017-01-15 18:00:02	2166	177
2017-01-15 18:30:02	1686	162
2017-01-15 19:00:02	1641	149
2017-01-15 19:30:02	1035	130
2017-01-15 20:00:02	923	129
2017-01-15 20:30:02	857	139
2017-01-15 21:00:02	1015	113
2017-01-15 21:30:02	744	116
2017-01-15 22:00:02	864	131
2017-01-15 22:30:02	1264	147
2017-01-15 23:00:02	1144	118
2017-01-15 23:30:02	1043	129
2017-01-16 00:00:02	1331	155
2017-01-16 00:30:02	1111	124
2017-01-16 01:00:02	1205	128
2017-01-16 01:30:02	1326	129
2017-01-16 02:00:02	3304	138
2017-01-16 02:30:02	2713	148
2017-01-16 03:00:02	2480	163
2017-01-16 03:30:02	2725	147
2017-01-16 04:00:02	2333	131
2017-01-16 04:30:02	2183	128
2017-01-16 05:00:02	2437	143
2017-01-16 05:30:02	2137	148
2017-01-16 06:00:02	2103	161
2017-01-16 06:30:02	2361	155
2017-01-16 07:00:02	1839	131
2017-01-16 07:30:02	1356	115
2017-01-16 08:00:02	872	106
2017-01-16 08:30:02	525	72
2017-01-16 09:00:02	325	64
2017-01-16 09:30:02	223	63
2017-01-16 10:00:02	166	62
2017-01-16 10:30:02	104	58
2017-01-16 11:00:02	101	34
2017-01-16 11:30:02	108	35
2017-01-16 12:00:02	109	44
2017-01-16 12:30:02	149	53
2017-01-16 13:00:02	232	49
2017-01-16 13:30:02	442	63
2017-01-16 14:00:02	899	90
2017-01-16 14:30:02	1181	105
2017-01-16 15:00:02	1351	114
2017-01-16 15:30:02	1226	96
2017-01-16 16:00:02	1129	112
2017-01-16 16:30:02	1031	121
2017-01-16 17:00:02	990	100
2017-01-16 17:30:02	903	114
2017-01-16 18:00:02	1089	109
2017-01-16 18:30:02	955	94
2017-01-16 19:00:02	1348	113
2017-01-16 19:30:02	1537	112
2017-01-16 20:00:02	1213	111
2017-01-16 20:30:02	1253	105
2017-01-16 21:00:02	1287	105
2017-01-16 21:30:02	1278	102
2017-01-16 22:00:02	1493	119
2017-01-16 22:30:02	1463	134
2017-01-16 23:00:02	1462	114
2017-01-16 23:30:02	1620	111
2017-01-17 00:00:02	2039	124
2017-01-17 00:30:02	2568	156
2017-01-17 01:00:02	2813	137
2017-01-17 01:30:02	2513	125
2017-01-17 02:00:02	2215	137
2017-01-17 02:30:02	1733	138
2017-01-17 03:00:02	1984	127
2017-01-17 03:30:02	2167	121
2017-01-17 04:00:02	2120	150
2017-01-17 04:30:02	2066	144
2017-01-17 05:00:02	2178	157
2017-01-17 05:30:02	2515	154
2017-01-17 06:00:02	2554	135
2017-01-17 06:30:02	2654	144
2017-01-17 07:00:02	1990	162
2017-01-17 07:30:02	1428	129
2017-01-17 08:00:02	873	107
2017-01-17 08:30:02	507	104
2017-01-17 09:00:02	336	80
2017-01-17 09:30:02	212	73
2017-01-17 10:00:02	161	56
2017-01-17 10:30:02	130	57
2017-01-17 11:00:02	126	50
2017-01-17 11:30:02	90	52
2017-01-17 12:00:02	99	55
2017-01-17 12:30:02	118	48
2017-01-17 13:00:02	217	57
2017-01-17 13:30:02	409	84
2017-01-17 14:00:02	1125	95
2017-01-17 14:30:02	1607	96
2017-01-17 15:00:02	1757	100
2017-01-17 15:30:02	1532	111
2017-01-17 16:00:02	1159	129
2017-01-17 16:30:02	950	140
2017-01-17 17:00:02	998	136
2017-01-17 17:30:02	939	130
2017-01-17 18:00:02	794	130
2017-01-17 18:30:02	695	129
2017-01-17 19:00:02	1201	113
2017-01-17 19:30:02	1153	116
2017-01-17 20:00:02	1163	129
2017-01-17 20:30:02	1093	131
2017-01-17 21:00:02	1224	114
2017-01-17 21:30:02	1375	104
2017-01-17 22:00:02	1272	113
2017-01-17 22:30:02	1458	116
2017-01-17 23:00:02	1387	119
2017-01-17 23:30:02	1799	122
2017-01-18 00:00:02	2016	143
2017-01-18 00:30:02	2499	162
2017-01-18 01:00:02	2547	153
2017-01-18 01:30:02	2296	165
2017-01-18 02:00:02	2014	156
2017-01-18 02:30:02	1675	164
2017-01-18 03:00:02	1855	150
2017-01-18 03:30:02	1775	154
2017-01-18 04:00:02	1848	119
2017-01-18 04:30:02	2227	143
2017-01-18 05:00:02	2228	154
2017-01-18 05:30:02	2211	157
2017-01-18 06:00:02	2254	149
2017-01-18 06:30:02	2871	152
2017-01-18 07:00:02	2882	147
2017-01-18 07:30:02	1909	123
2017-01-18 08:00:02	1224	107
2017-01-18 08:30:02	674	92
2017-01-18 09:00:02	377	72
2017-01-18 09:30:02	280	63
2017-01-18 10:00:02	166	56
2017-01-18 10:30:02	146	60
2017-01-18 11:00:02	124	46
2017-01-18 11:30:02	112	44
2017-01-18 12:00:02	135	41
2017-01-18 12:30:02	145	34
2017-01-18 13:00:02	274	52
2017-01-18 13:30:02	521	56
2017-01-18 14:00:02	947	76
2017-01-18 14:30:02	1337	107
2017-01-18 15:00:02	1542	116
2017-01-18 15:30:02	1600	114
2017-01-18 16:00:02	1397	133
2017-01-18 16:30:02	1474	150
2017-01-18 17:00:02	1296	160
2017-01-18 17:30:02	1282	142
2017-01-18 18:00:02	1382	140
2017-01-18 18:30:02	1152	140
2017-01-18 19:00:02	1158	153
2017-01-18 19:30:02	1013	126
2017-01-18 20:00:02	921	143
2017-01-18 20:30:02	1043	144
2017-01-18 21:00:02	994	153
2017-01-18 21:30:02	975	131
2017-01-18 22:00:02	1113	126
2017-01-18 22:30:02	1247	125
2017-01-18 23:00:02	1312	133
2017-01-18 23:30:02	1342	149
2017-01-19 00:00:02	1751	143
2017-01-19 00:30:02	1701	146
2017-01-19 01:00:02	1780	149
2017-01-19 01:30:02	2587	152
2017-01-19 02:00:02	2380	160
2017-01-19 02:30:02	2081	163
2017-01-19 03:00:02	2359	161
2017-01-19 03:30:02	2513	166
2017-01-19 04:00:02	2427	146
2017-01-19 04:30:02	2815	167
2017-01-19 05:00:02	2986	177
2017-01-19 05:30:02	2599	170
2017-01-19 06:00:02	2476	199
2017-01-19 06:30:02	2288	162
2017-01-19 07:00:02	1972	148
2017-01-19 07:30:02	1493	148
2017-01-19 08:00:02	966	115
2017-01-19 08:30:02	564	101
2017-01-19 09:00:02	338	80
2017-01-19 09:30:02	230	64
2017-01-19 10:00:02	158	52
2017-01-19 10:30:02	131	56
2017-01-19 11:00:02	106	52
2017-01-19 11:30:02	112	47
2017-01-19 12:00:02	116	54
2017-01-19 12:30:02	162	61
2017-01-19 13:00:02	271	52
2017-01-19 13:30:02	533	81
2017-01-19 14:00:02	917	114
2017-01-19 14:30:02	1325	119
2017-01-19 15:00:02	1872	132
2017-01-19 15:30:02	1760	117
2017-01-19 16:00:02	1651	123
2017-01-19 16:30:02	1592	125
2017-01-19 17:00:02	1463	131
2017-01-19 17:30:02	1269	126
2017-01-19 18:00:02	1269	127
2017-01-19 18:30:02	1192	132
2017-01-19 19:00:02	1170	129
2017-01-19 19:30:02	1216	122
2017-01-19 20:00:02	1262	123
2017-01-19 20:30:02	965	119
2017-01-19 21:00:02	1352	115
2017-01-19 21:30:02	1329	130
2017-01-19 22:00:02	1257	111
2017-01-19 22:30:02	1164	117
2017-01-19 23:00:02	1281	118
2017-01-19 23:30:02	1457	136
2017-01-20 00:00:02	1599	134
2017-01-20 00:30:02	1650	163
2017-01-20 01:00:02	1837	156
2017-01-20 01:30:02	1974	140
2017-01-20 02:00:02	2042	145
2017-01-20 02:30:02	1777	141
2017-01-20 03:00:02	1688	139
2017-01-20 03:30:02	1523	136
2017-01-20 04:00:02	1762	154
2017-01-20 04:30:02	1787	151
2017-01-20 05:00:02	2279	158
2017-01-20 05:30:02	2346	161
2017-01-20 06:00:02	2417	188
2017-01-20 06:30:02	2448	167
2017-01-20 07:00:02	2077	155
2017-01-20 07:30:02	1744	165
2017-01-20 08:00:02	1121	136
2017-01-20 08:30:02	657	100
2017-01-20 09:00:02	420	95
2017-01-20 09:30:02	259	77
2017-01-20 10:00:02	190	55
2017-01-20 10:30:02	150	49
2017-01-20 11:00:02	145	58
2017-01-20 11:30:02	133	63
2017-01-20 12:00:02	137	56
2017-01-20 12:30:02	180	53
2017-01-20 13:00:02	265	58
2017-01-20 13:30:02	500	66
2017-01-20 14:00:02	806	88
2017-01-20 14:30:02	1024	103
2017-01-20 15:00:02	1367	126
2017-01-20 15:30:02	1316	129
2017-01-20 16:00:02	1594	116
2017-01-20 16:30:02	1746	160
2017-01-20 17:00:02	1820	135
2017-01-20 17:30:02	1722	123
2017-01-20 18:00:02	1393	145
2017-01-20 18:30:02	1165	122
2017-01-20 19:00:02	1650	128
2017-01-20 19:30:02	1341	98
2017-01-20 20:00:02	1383	119
2017-01-20 20:30:02	1192	128
2017-01-20 21:00:02	990	115
2017-01-20 21:30:02	965	121
2017-01-20 22:00:02	1354	144
2017-01-20 22:30:02	1309	133
2017-01-20 23:00:02	1330	124
2017-01-20 23:30:02	1451	144
2017-01-21 00:00:02	1574	152
2017-01-21 00:30:02	1947	137
2017-01-21 01:00:02	1719	147
2017-01-21 01:30:02	1874	146
2017-01-21 02:00:02	1766	145
2017-01-21 02:30:02	1617	136
2017-01-21 03:00:02	1976	136
2017-01-21 03:30:02	2209	157
2017-01-21 04:00:02	1939	158
2017-01-21 04:30:02	2030	158
2017-01-21 05:00:02	2055	152
2017-01-21 05:30:02	2033	164
2017-01-21 06:00:02	2149	174
2017-01-21 06:30:02	2047	161
2017-01-21 07:00:02	1817	171
2017-01-21 07:30:02	1461	155
2017-01-21 08:00:02	1091	129
2017-01-21 08:30:02	951	130
2017-01-21 09:00:02	610	111
2017-01-21 09:30:02	389	106
2017-01-21 10:00:02	292	92
2017-01-21 10:30:02	198	69
2017-01-21 11:00:02	143	60
2017-01-21 11:30:02	130	54
2017-01-21 12:00:02	93	53
2017-01-21 12:30:02	125	63
2017-01-21 13:00:02	129	68
2017-01-21 13:30:02	150	69
2017-01-21 14:00:02	202	70
2017-01-21 14:30:02	330	88
2017-01-21 15:00:02	481	103
2017-01-21 15:30:02	627	117
2017-01-21 16:00:02	857	113
2017-01-21 16:30:02	1143	139
2017-01-21 17:00:02	1314	157
2017-01-21 17:30:02	1337	171
2017-01-21 18:00:02	1195	154
2017-01-21 18:30:02	1142	123
2017-01-21 19:00:02	999	148
2017-01-21 19:30:02	981	143
2017-01-21 20:00:02	1037	137
2017-01-21 20:30:02	1780	135
2017-01-21 21:00:02	1619	121
2017-01-21 21:30:02	1432	123
2017-01-21 22:00:02	1593	122
2017-01-21 22:30:02	1802	144
2017-01-21 23:00:02	2068	139
2017-01-21 23:30:02	1613	116
2017-01-22 00:00:02	1412	127
2017-01-22 00:30:02	2018	148
2017-01-22 01:00:02	1418	138
2017-01-22 01:30:02	1760	125
2017-01-22 02:00:02	1706	142
2017-01-22 02:30:02	1528	140
2017-01-22 03:00:02	1272	132
2017-01-22 03:30:02	1381	151
2017-01-22 04:00:02	1151	111
2017-01-22 04:30:02	1516	125
2017-01-22 05:00:02	1617	126
2017-01-22 05:30:02	1653	143
2017-01-22 06:00:02	1932	142
2017-01-22 06:30:02	1837	142
2017-01-22 07:00:02	1585	142
2017-01-22 07:30:02	1417	138
2017-01-22 08:00:02	1142	136
2017-01-22 08:30:02	797	118
2017-01-22 09:00:02	574	98
2017-01-22 09:30:02	434	80
2017-01-22 10:00:02	322	72
2017-01-22 10:30:02	219	55
2017-01-22 11:00:02	176	54
2017-01-22 11:30:02	142	59
2017-01-22 12:00:02	97	48
2017-01-22 12:30:02	87	54
2017-01-22 13:00:02	124	52
2017-01-22 13:30:02	118	51
2017-01-22 14:00:02	151	49
2017-01-22 14:30:02	263	63
2017-01-22 15:00:02	398	79
2017-01-22 15:30:02	685	89
2017-01-22 16:00:02	1136	108
2017-01-22 16:30:02	1621	146
2017-01-22 17:00:02	1923	161
2017-01-22 17:30:02	2230	184
2017-01-22 18:00:02	2201	173
2017-01-22 18:30:02	1964	153
2017-01-22 19:00:02	1574	148
2017-01-22 19:30:02	1381	147
2017-01-22 20:00:02	1003	155
2017-01-22 20:30:02	966	148
2017-01-22 21:00:02	1161	126
2017-01-22 21:30:02	1256	123
2017-01-22 22:00:02	1006	131
2017-01-22 22:30:02	977	120
2017-01-22 23:00:02	1141	147
2017-01-22 23:30:02	1502	132
2017-01-23 00:00:02	2360	134
2017-01-23 00:30:02	2401	129
2017-01-23 01:00:02	2225	135
2017-01-23 01:30:02	2318	137
2017-01-23 02:00:02	2204	147
2017-01-23 02:30:02	1908	146
2017-01-23 03:00:02	1766	131
2017-01-23 03:30:02	1845	138
2017-01-23 04:00:02	2061	125
2017-01-23 04:30:02	3561	134
2017-01-23 05:00:02	4599	148
2017-01-23 05:30:02	3433	150
2017-01-23 06:00:02	2861	137
2017-01-23 06:30:02	2446	144
2017-01-23 07:00:02	2133	138
2017-01-23 07:30:02	1514	117
2017-01-23 08:00:02	1039	114
2017-01-23 08:30:02	573	99
2017-01-23 09:00:02	342	57
2017-01-23 09:30:02	221	59
2017-01-23 10:00:02	199	54
2017-01-23 10:30:02	119	46
2017-01-23 11:00:02	111	35
2017-01-23 11:30:02	105	35
2017-01-23 12:00:02	97	46
2017-01-23 12:30:02	151	40
2017-01-23 13:00:02	269	55
2017-01-23 13:30:02	556	72
2017-01-23 14:00:02	978	101
2017-01-23 14:30:02	1436	110
2017-01-23 15:00:02	1532	112
2017-01-23 15:30:02	1378	126
2017-01-23 16:00:02	1351	122
2017-01-23 16:30:02	1408	137
2017-01-23 17:00:02	1430	128
2017-01-23 17:30:02	1472	119
2017-01-23 18:00:02	1334	139
2017-01-23 18:30:02	1158	122
2017-01-23 19:00:02	1128	124
2017-01-23 19:30:02	1298	122
2017-01-23 20:00:02	1142	118
2017-01-23 20:30:02	975	107
2017-01-23 21:00:02	1198	116
2017-01-23 21:30:02	1495	108
2017-01-23 22:00:02	1448	114
2017-01-23 22:30:02	1630	125
2017-01-23 23:00:02	1573	126
2017-01-23 23:30:02	1789	132
2017-01-24 00:00:02	1907	144
2017-01-24 00:30:02	2032	151
2017-01-24 01:00:02	2124	168
2017-01-24 01:30:02	2120	145
2017-01-24 02:00:02	1968	171
2017-01-24 02:30:02	1614	144
2017-01-24 03:00:02	1968	148
2017-01-24 03:30:02	1761	138
2017-01-24 04:00:02	1928	134
2017-01-24 04:30:02	2012	158
2017-01-24 05:00:02	2162	171
2017-01-24 05:30:02	2630	166
2017-01-24 06:00:02	2483	173
2017-01-24 06:30:02	2771	162
2017-01-24 07:00:02	2638	167
2017-01-24 07:30:02	1880	157
2017-01-24 08:00:02	1097	133
2017-01-24 08:30:02	646	120
2017-01-24 09:00:02	430	86
2017-01-24 09:30:02	223	75
2017-01-24 10:00:02	183	75
2017-01-24 10:30:02	132	57
2017-01-24 11:00:02	119	63
2017-01-24 11:30:02	133	61
2017-01-24 12:00:02	121	60
2017-01-24 12:30:02	176	48
2017-01-24 13:00:02	295	66
2017-01-24 13:30:02	587	68
2017-01-24 14:00:02	1111	112
2017-01-24 14:30:02	1578	114
2017-01-24 15:00:02	1693	141
2017-01-24 15:30:02	1533	126
2017-01-24 16:00:02	1383	156
2017-01-24 16:30:02	1175	138
2017-01-24 17:00:02	1191	140
2017-01-24 17:30:02	1202	132
2017-01-24 18:00:02	1230	132
2017-01-24 18:30:02	1128	133
2017-01-24 19:00:02	1133	131
2017-01-24 19:30:02	1106	139
2017-01-24 20:00:02	1131	137
2017-01-24 20:30:02	921	128
2017-01-24 21:00:02	809	135
2017-01-24 21:30:02	800	108
2017-01-24 22:00:02	996	133
2017-01-24 22:30:02	1088	127
2017-01-24 23:00:02	1065	135
2017-01-24 23:30:02	1073	134
2017-01-25 00:00:02	1011	153
2017-01-25 00:30:02	1072	172
2017-01-25 01:00:02	995	153
2017-01-25 01:30:02	1222	159
2017-01-25 02:00:02	1092	159
2017-01-25 02:30:02	1567	170
2017-01-25 03:00:02	1344	150
2017-01-25 03:30:02	1263	155
2017-01-25 04:00:02	1513	143
2017-01-25 04:30:02	1450	142
2017-01-25 05:00:02	1442	179
2017-01-25 05:30:02	1957	168
2017-01-25 06:00:02	2137	184
2017-01-25 06:30:02	2280	162
2017-01-25 07:00:02	1643	160
2017-01-25 07:30:02	1150	137
2017-01-25 08:00:02	767	133
2017-01-25 08:30:02	437	97
2017-01-25 09:00:02	264	69
2017-01-25 09:30:02	167	67
2017-01-25 10:00:02	138	59
2017-01-25 10:30:02	83	40
2017-01-25 11:00:02	85	45
2017-01-25 11:30:02	84	50
2017-01-25 12:00:02	98	58
2017-01-25 12:30:02	138	52
2017-01-25 13:00:02	205	66
2017-01-25 13:30:02	430	74
2017-01-25 14:00:02	881	104
2017-01-25 14:30:02	1092	106
2017-01-25 15:00:02	1086	121
2017-01-25 15:30:02	974	123
2017-01-25 16:00:02	908	124
2017-01-25 16:30:02	1037	135
2017-01-25 17:00:02	961	120
2017-01-25 17:30:02	872	138
2017-01-25 18:00:02	964	114
2017-01-25 18:30:02	1134	133
2017-01-25 19:00:02	1136	130
2017-01-25 19:30:02	1366	108
2017-01-25 20:00:02	1136	123
2017-01-25 20:30:02	1048	111
2017-01-25 21:00:02	858	111
2017-01-25 21:30:02	1120	101
2017-01-25 22:00:02	1140	107
2017-01-25 22:30:02	1138	105
2017-01-25 23:00:02	1032	115
2017-01-25 23:30:02	1234	100
2017-01-26 00:00:02	2474	113
2017-01-26 00:30:02	1926	149
2017-01-26 01:00:02	1607	155
2017-01-26 01:30:02	1439	145
2017-01-26 02:00:02	1699	137
2017-01-26 02:30:02	1370	127
2017-01-26 03:00:02	1669	135
2017-01-26 03:30:02	1550	118
2017-01-26 04:00:02	1252	127
2017-01-26 04:30:02	1158	132
2017-01-26 05:00:02	1219	162
2017-01-26 05:30:02	1217	135
2017-01-26 06:00:02	1350	151
2017-01-26 06:30:02	1175	123
2017-01-26 07:00:02	980	122
2017-01-26 07:30:02	860	104
2017-01-26 08:00:02	783	111
2017-01-26 08:30:02	451	91
2017-01-26 09:00:02	300	75
2017-01-26 09:30:02	181	68
2017-01-26 10:00:02	124	56
2017-01-26 10:30:02	96	42
2017-01-26 11:00:02	80	39
2017-01-26 11:30:02	75	39
2017-01-26 12:00:02	76	35
2017-01-26 12:30:02	117	57
2017-01-26 13:00:02	194	61
2017-01-26 13:30:02	355	74
2017-01-26 14:00:02	670	81
2017-01-26 14:30:02	957	104
2017-01-26 15:00:02	1136	113
2017-01-26 15:30:02	1176	114
2017-01-26 16:00:02	1058	109
2017-01-26 16:30:02	1042	112
2017-01-26 17:00:02	945	116
2017-01-26 17:30:02	792	127
2017-01-26 18:00:02	633	107
2017-01-26 18:30:02	625	109
2017-01-26 19:00:02	524	96
2017-01-26 19:30:02	552	96
2017-01-26 20:00:02	478	87
2017-01-26 20:30:02	483	92
2017-01-26 21:00:02	621	100
2017-01-26 21:30:02	823	109
2017-01-26 22:00:02	936	111
2017-01-26 22:30:02	955	102
2017-01-26 23:00:02	901	134
2017-01-26 23:30:02	976	117
2017-01-27 00:00:02	1129	120
2017-01-27 00:30:02	1734	137
2017-01-27 01:00:02	1711	159
2017-01-27 01:30:02	1575	141
2017-01-27 02:00:02	1585	140
2017-01-27 02:30:02	1599	135
2017-01-27 03:00:02	1840	117
2017-01-27 03:30:02	1878	138
2017-01-27 04:00:02	1762	120
2017-01-27 04:30:02	1721	127
2017-01-27 05:00:02	4419	140
2017-01-27 05:30:02	3024	147
2017-01-27 06:00:02	3471	130
2017-01-27 06:30:02	4196	130
2017-01-27 07:00:02	2771	146
2017-01-27 07:30:02	2044	152
2017-01-27 08:00:02	1287	117
2017-01-27 08:30:02	767	105
2017-01-27 09:00:02	459	82
2017-01-27 09:30:02	311	73
2017-01-27 10:00:02	198	61
2017-01-27 10:30:02	160	56
2017-01-27 11:00:02	134	50
2017-01-27 11:30:02	114	40
2017-01-27 12:00:02	135	50
2017-01-27 12:30:02	170	56
2017-01-27 13:00:02	286	57
2017-01-27 13:30:02	548	77
2017-01-27 14:00:02	1028	92
2017-01-27 14:30:02	1370	95
2017-01-27 15:00:02	1546	110
2017-01-27 15:30:02	1620	117
2017-01-27 16:00:02	1728	122
2017-01-27 16:30:02	1626	127
2017-01-27 17:00:02	1482	123
2017-01-27 17:30:02	1283	119
2017-01-27 18:00:02	1083	115
2017-01-27 18:30:02	969	121
2017-01-27 19:00:02	1022	137
2017-01-27 19:30:02	933	130
2017-01-27 20:00:02	848	119
2017-01-27 20:30:02	717	121
2017-01-27 21:00:02	667	103
2017-01-27 21:30:02	687	104
2017-01-27 22:00:02	742	104
2017-01-27 22:30:02	861	104
2017-01-27 23:00:02	1060	123
2017-01-27 23:30:02	1715	111
2017-01-28 00:00:02	1972	115
2017-01-28 00:30:02	2096	141
2017-01-28 01:00:02	1885	136
2017-01-28 01:30:02	1905	130
2017-01-28 02:00:02	1704	139
2017-01-28 02:30:02	1425	146
2017-01-28 03:00:02	1882	146
2017-01-28 03:30:02	1925	140
2017-01-28 04:00:02	1794	135
2017-01-28 04:30:02	1956	144
2017-01-28 05:00:02	2963	139
2017-01-28 05:30:02	3049	151
2017-01-28 06:00:02	2631	133
2017-01-28 06:30:02	2729	134
2017-01-28 07:00:02	3167	172
2017-01-28 07:30:02	2022	140
2017-01-28 08:00:02	1482	139
2017-01-28 08:30:02	1114	122
2017-01-28 09:00:02	682	108
2017-01-28 09:30:02	417	89
2017-01-28 10:00:02	277	77
2017-01-28 10:30:02	198	53
2017-01-28 11:00:02	142	52
2017-01-28 11:30:02	122	48
2017-01-28 12:00:02	100	45
2017-01-28 12:30:02	103	51
2017-01-28 13:00:02	116	45
2017-01-28 13:30:02	141	56
2017-01-28 14:00:02	230	64
2017-01-28 14:30:02	333	70
2017-01-28 15:00:02	522	76
2017-01-28 15:30:02	807	106
2017-01-28 16:00:02	1297	125
2017-01-28 16:30:02	1676	143
2017-01-28 17:00:02	1909	155
2017-01-28 17:30:02	1674	177
2017-01-28 18:00:02	1759	140
2017-01-28 18:30:02	1816	155
2017-01-28 19:00:02	1481	144
2017-01-28 19:30:02	1171	136
2017-01-28 20:00:02	969	136
2017-01-28 20:30:02	744	111
2017-01-28 21:00:02	784	85
2017-01-28 21:30:02	872	105
2017-01-28 22:00:02	1051	122
2017-01-28 22:30:02	1922	121
2017-01-28 23:00:02	1787	120
2017-01-28 23:30:02	1762	112
2017-01-29 00:00:02	1851	139
2017-01-29 00:30:02	1974	158
2017-01-29 01:00:02	2404	135
2017-01-29 01:30:02	2240	140
2017-01-29 02:00:02	2137	121
2017-01-29 02:30:02	2139	103
2017-01-29 03:00:02	1977	134
2017-01-29 03:30:02	1760	116
2017-01-29 04:00:02	1689	135
2017-01-29 04:30:02	1819	134
2017-01-29 05:00:02	2320	161
2017-01-29 05:30:02	2028	168
2017-01-29 06:00:02	2092	162
2017-01-29 06:30:02	2167	152
2017-01-29 07:00:02	1763	168
2017-01-29 07:30:02	1471	143
2017-01-29 08:00:02	1258	157
2017-01-29 08:30:02	901	125
2017-01-29 09:00:02	686	132
2017-01-29 09:30:02	434	107
2017-01-29 10:00:02	330	75
2017-01-29 10:30:02	222	59
2017-01-29 11:00:02	165	62
2017-01-29 11:30:02	128	53
2017-01-29 12:00:02	103	53
2017-01-29 12:30:02	89	44
2017-01-29 13:00:02	82	47
2017-01-29 13:30:02	115	51
2017-01-29 14:00:02	159	63
2017-01-29 14:30:02	310	79
2017-01-29 15:00:02	458	87
2017-01-29 15:30:02	667	100
2017-01-29 16:00:02	1025	116
2017-01-29 16:30:02	1549	142
2017-01-29 17:00:02	2016	141
2017-01-29 17:30:02	2134	166
2017-01-29 18:00:02	2175	164
2017-01-29 18:30:02	1969	158
2017-01-29 19:00:02	1519	149
2017-01-29 19:30:02	1408	159
2017-01-29 20:00:02	1179	129
2017-01-29 20:30:02	1571	124
2017-01-29 21:00:02	1468	141
2017-01-29 21:30:02	1678	135
2017-01-29 22:00:02	1983	134
2017-01-29 22:30:02	1574	111
2017-01-29 23:00:02	2261	139
2017-01-29 23:30:02	2007	153
2017-01-30 00:00:02	1827	152
2017-01-30 00:30:02	1733	139
2017-01-30 01:00:02	1913	144
2017-01-30 01:30:02	1354	111
2017-01-30 02:00:02	2396	144
2017-01-30 02:30:02	2112	134
2017-01-30 03:00:02	2374	140
2017-01-30 03:30:02	2616	142
2017-01-30 04:00:02	2175	142
2017-01-30 04:30:02	2771	146
2017-01-30 05:00:02	2815	150
2017-01-30 05:30:02	2577	165
2017-01-30 06:00:02	2647	132
2017-01-30 06:30:02	2415	156
2017-01-30 07:00:02	2173	147
2017-01-30 07:30:02	1598	130
2017-01-30 08:00:02	1079	99
2017-01-30 08:30:02	595	105
2017-01-30 09:00:02	408	81
2017-01-30 09:30:02	298	62
2017-01-30 10:00:02	194	62
2017-01-30 10:30:02	202	42
2017-01-30 11:00:02	159	48
2017-01-30 11:30:02	118	44
2017-01-30 12:00:02	135	47
2017-01-30 12:30:02	176	46
2017-01-30 13:00:02	273	57
2017-01-30 13:30:02	573	74
2017-01-30 14:00:02	1048	86
2017-01-30 14:30:02	1331	97
2017-01-30 15:00:02	1473	105
2017-01-30 15:30:02	1539	112
2017-01-30 16:00:02	1322	126
2017-01-30 16:30:02	1330	119
2017-01-30 17:00:02	1129	117
2017-01-30 17:30:02	985	129
2017-01-30 18:00:02	899	119
2017-01-30 18:30:02	949	114
2017-01-30 19:00:02	905	131
2017-01-30 19:30:02	927	109
2017-01-30 20:00:02	953	109
2017-01-30 20:30:02	857	114
2017-01-30 21:00:02	662	112
2017-01-30 21:30:02	1103	113
2017-01-30 22:00:02	1137	109
2017-01-30 22:30:02	1244	105
2017-01-30 23:00:02	1204	118
2017-01-30 23:30:02	1587	127
2017-01-31 00:00:02	2688	141
2017-01-31 00:30:02	2812	128
2017-01-31 01:00:02	2604	144
2017-01-31 01:30:02	2374	132
2017-01-31 02:00:02	2360	145
2017-01-31 02:30:02	1805	144
2017-01-31 03:00:02	1680	144
2017-01-31 03:30:02	1972	144
2017-01-31 04:00:02	1754	130
2017-01-31 04:30:02	1897	148
2017-01-31 05:00:02	2145	148
2017-01-31 05:30:02	1932	165
2017-01-31 06:00:02	2291	161
2017-01-31 06:30:02	2493	142
2017-01-31 07:00:02	2029	139
2017-01-31 07:30:02	1410	140
2017-01-31 08:00:02	825	127
2017-01-31 08:30:02	428	87
2017-01-31 09:00:02	269	86
2017-01-31 09:30:02	181	50
2017-01-31 10:00:02	145	52
2017-01-31 10:30:02	108	49
2017-01-31 11:00:02	90	49
2017-01-31 11:30:02	71	33
2017-01-31 12:00:02	103	39
2017-01-31 12:30:02	144	47
2017-01-31 13:00:02	191	60
2017-01-31 13:30:02	407	70
2017-01-31 14:00:02	672	94
2017-01-31 14:30:02	939	101
2017-01-31 15:00:02	1010	119
2017-01-31 15:30:02	1355	111
2017-01-31 16:00:02	1488	112
2017-01-31 16:30:02	1415	132
2017-01-31 17:00:02	1264	126
2017-01-31 17:30:02	1115	120
2017-01-31 18:00:02	979	122
2017-01-31 18:30:02	922	115
2017-01-31 19:00:02	924	120
2017-01-31 19:30:02	921	111
2017-01-31 20:00:02	989	109
2017-01-31 20:30:02	886	126
2017-01-31 21:00:02	736	119
2017-01-31 21:30:02	654	118
2017-01-31 22:00:02	569	111
2017-01-31 22:30:02	525	120
2017-01-31 23:00:02	644	110
2017-01-31 23:30:02	1086	116
2017-02-01 00:00:02	1110	131
2017-02-01 00:30:02	1182	123
2017-02-01 01:00:02	1297	146
2017-02-01 01:30:02	1282	131
2017-02-01 02:00:02	1012	124
2017-02-01 02:30:02	871	121
2017-02-01 03:00:02	830	132
2017-02-01 03:30:02	778	126
2017-02-01 04:00:02	652	128
2017-02-01 04:30:02	968	132
2017-02-01 05:00:02	1052	140
2017-02-01 05:30:02	1543	131
2017-02-01 06:00:02	1694	158
2017-02-01 06:30:02	1999	162
2017-02-01 07:00:02	1634	146
2017-02-01 07:30:02	1051	124
2017-02-01 08:00:02	791	115
2017-02-01 08:30:02	427	87
2017-02-01 09:00:02	246	66
2017-02-01 09:30:02	170	61
2017-02-01 10:00:02	96	42
2017-02-01 10:30:02	91	43
2017-02-01 11:00:02	87	58
2017-02-01 11:30:02	65	36
2017-02-01 12:00:02	96	41
2017-02-01 12:30:02	110	42
2017-02-01 13:00:02	214	71
2017-02-01 13:30:02	395	59
2017-02-01 14:00:02	750	84
2017-02-01 14:30:02	1065	99
2017-02-01 15:00:02	1233	115
2017-02-01 15:30:02	1044	114
2017-02-01 16:00:02	1034	113
2017-02-01 16:30:02	977	109
2017-02-01 17:00:02	943	112
2017-02-01 17:30:02	912	136
2017-02-01 18:00:02	847	111
2017-02-01 18:30:02	712	120
2017-02-01 19:00:02	865	110
2017-02-01 19:30:02	798	96
2017-02-01 20:00:02	903	118
2017-02-01 20:30:02	899	113
2017-02-01 21:00:02	758	118
2017-02-01 21:30:02	677	101
2017-02-01 22:00:02	604	108
2017-02-01 22:30:02	675	119
2017-02-01 23:00:02	686	102
2017-02-01 23:30:02	987	119
2017-02-02 00:00:02	1376	123
2017-02-02 00:30:02	1448	135
2017-02-02 01:00:02	1472	150
2017-02-02 01:30:02	1510	153
2017-02-02 02:00:02	1414	178
2017-02-02 02:30:02	1261	119
2017-02-02 03:00:02	1410	137
2017-02-02 03:30:02	1313	114
2017-02-02 04:00:02	1399	116
2017-02-02 04:30:02	1113	133
2017-02-02 05:00:02	1129	151
2017-02-02 05:30:02	990	150
2017-02-02 06:00:02	1017	133
2017-02-02 06:30:02	940	155
2017-02-02 07:00:02	790	121
2017-02-02 07:30:02	581	114
2017-02-02 08:00:02	690	110
2017-02-02 08:30:02	408	106
2017-02-02 09:00:02	247	64
2017-02-02 09:30:02	173	59
2017-02-02 10:00:02	117	48
2017-02-02 10:30:02	65	41
2017-02-02 11:00:02	108	42
2017-02-02 11:30:02	76	29
2017-02-02 12:00:02	79	36
2017-02-02 12:30:02	121	39
2017-02-02 13:00:02	198	52
2017-02-02 13:30:02	381	71
2017-02-02 14:00:02	693	82
2017-02-02 14:30:02	903	111
2017-02-02 15:00:02	1056	114
2017-02-02 15:30:02	975	97
2017-02-02 16:00:02	978	96
2017-02-02 16:30:02	1199	117
2017-02-02 17:00:02	1132	136
2017-02-02 17:30:02	1053	110
2017-02-02 18:00:02	877	99
2017-02-02 18:30:02	766	120
2017-02-02 19:00:02	716	103
2017-02-02 19:30:02	1003	103
2017-02-02 20:00:02	921	100
2017-02-02 20:30:02	809	77
2017-02-02 21:00:02	688	89
2017-02-02 21:30:02	624	90
2017-02-02 22:00:02	569	85
2017-02-02 22:30:02	586	103
2017-02-02 23:00:02	573	102
2017-02-02 23:30:02	620	124
2017-02-03 00:00:02	708	125
2017-02-03 00:30:02	744	117
2017-02-03 01:00:02	1234	122
2017-02-03 01:30:02	1392	138
2017-02-03 02:00:02	1247	116
2017-02-03 02:30:02	1122	136
2017-02-03 03:00:02	1027	113
2017-02-03 03:30:02	1054	110
2017-02-03 04:00:02	1826	113
2017-02-03 04:30:02	1512	133
2017-02-03 05:00:02	1872	143
2017-02-03 05:30:02	2000	151
2017-02-03 06:00:02	2668	178
2017-02-03 06:30:02	3625	146
2017-02-03 07:00:02	2636	122
2017-02-03 07:30:02	1710	121
2017-02-03 08:00:02	1096	127
2017-02-03 08:30:02	587	76
2017-02-03 09:00:02	370	66
2017-02-03 09:30:02	236	55
2017-02-03 10:00:02	156	40
2017-02-03 10:30:02	134	43
2017-02-03 11:00:02	115	37
2017-02-03 11:30:02	128	44
2017-02-03 12:00:02	125	39
2017-02-03 12:30:02	166	51
2017-02-03 13:00:02	281	47
2017-02-03 13:30:02	518	63
2017-02-03 14:00:02	1052	81
2017-02-03 14:30:02	1481	97
2017-02-03 15:00:02	1618	107
2017-02-03 15:30:02	1490	100
2017-02-03 16:00:02	1279	105
2017-02-03 16:30:02	1252	113
2017-02-03 17:00:02	1271	121
2017-02-03 17:30:02	1211	109
2017-02-03 18:00:02	1124	106
2017-02-03 18:30:02	989	103
2017-02-03 19:00:02	1012	110
2017-02-03 19:30:02	960	97
2017-02-03 20:00:02	849	98
2017-02-03 20:30:02	781	77
2017-02-03 21:00:02	649	100
2017-02-03 21:30:02	691	109
2017-02-03 22:00:02	1402	109
2017-02-03 22:30:02	1179	98
2017-02-03 23:00:02	1213	103
2017-02-03 23:30:02	1330	109
2017-02-04 00:00:02	1920	120
2017-02-04 00:30:02	1963	135
2017-02-04 01:00:02	1993	134
2017-02-04 01:30:02	1851	132
2017-02-04 02:00:02	1788	115
2017-02-04 02:30:02	1643	128
2017-02-04 03:00:02	1619	139
2017-02-04 03:30:02	1566	128
2017-02-04 04:00:02	1789	134
2017-02-04 04:30:02	1811	132
2017-02-04 05:00:02	2052	158
2017-02-04 05:30:02	1870	154
2017-02-04 06:00:02	2031	139
2017-02-04 06:30:02	2080	146
2017-02-04 07:00:02	1678	146
2017-02-04 07:30:02	1305	149
2017-02-04 08:00:02	887	121
2017-02-04 08:30:02	730	103
2017-02-04 09:00:02	421	95
2017-02-04 09:30:02	271	88
2017-02-04 10:00:02	193	70
2017-02-04 10:30:02	157	63
2017-02-04 11:00:02	114	51
2017-02-04 11:30:02	125	68
2017-02-04 12:00:02	106	58
2017-02-04 12:30:02	118	56
2017-02-04 13:00:02	115	65
2017-02-04 13:30:02	130	62
2017-02-04 14:00:02	222	60
2017-02-04 14:30:02	355	72
2017-02-04 15:00:02	565	93
2017-02-04 15:30:02	863	118
2017-02-04 16:00:02	1162	133
2017-02-04 16:30:02	1397	158
2017-02-04 17:00:02	1490	144
2017-02-04 17:30:02	1431	143
2017-02-04 18:00:02	1317	151
2017-02-04 18:30:02	1033	155
2017-02-04 19:00:02	871	134
2017-02-04 19:30:02	1086	125
2017-02-04 20:00:02	936	115
2017-02-04 20:30:02	748	125
2017-02-04 21:00:02	883	129
2017-02-04 21:30:02	747	127
2017-02-04 22:00:02	992	107
2017-02-04 22:30:02	1156	122
2017-02-04 23:00:02	1502	135
2017-02-04 23:30:02	1192	131
2017-02-05 00:00:02	1051	114
2017-02-05 00:30:02	1253	137
2017-02-05 01:00:02	1775	160
2017-02-05 01:30:02	1371	150
2017-02-05 02:00:02	1231	144
2017-02-05 02:30:02	1484	129
2017-02-05 03:00:02	1796	125
2017-02-05 03:30:02	1597	118
2017-02-05 04:00:02	1222	117
2017-02-05 04:30:02	1200	110
2017-02-05 05:00:02	1434	127
2017-02-05 05:30:02	1706	132
2017-02-05 06:00:02	1951	162
2017-02-05 06:30:02	1670	152
2017-02-05 07:00:02	1501	137
2017-02-05 07:30:02	1200	138
